ANTONI,8550
JAN,8032
JAKUB,7966
ALEKSANDER,7432
SZYMON,7177
FRANCISZEK,6805
FILIP,6169
MIKOŁAJ,5786
WOJCIECH,5468
ADAM,4899
KACPER,4889
STANISŁAW,4812
MARCEL,4368
LEON,4345
MICHAŁ,4165
NIKODEM,3932
TYMON,3670
IGNACY,3613
WIKTOR,3558
IGOR,3362
OLIWIER,3202
PIOTR,3085
MAKSYMILIAN,2955
MIŁOSZ,2887
TYMOTEUSZ,2611
BARTOSZ,2464
OSKAR,2398
MATEUSZ,2310
JULIAN,2259
DAWID,2228
KRZYSZTOF,2031
ALAN,2006
KAROL,1923
TOMASZ,1875
DOMINIK,1852
GABRIEL,1788
HUBERT,1682
MACIEJ,1593
FABIAN,1555
PAWEŁ,1355
BRUNO,1286
NATAN,1273
BORYS,1129
KAMIL,1122
KSAWERY,1111
BARTŁOMIEJ,1015
KAJETAN,959
ARTUR,955
PATRYK,940
ADRIAN,925
SEBASTIAN,903
OLAF,882
KUBA,882
TADEUSZ,809
CEZARY,789
GRZEGORZ,758
KRYSTIAN,706
DANIEL,659
WITOLD,644
ERYK,617
KORNEL,606
HENRYK,564
ŁUKASZ,562
JÓZEF,549
MARCIN,545
JERZY,510
BŁAŻEJ,505
MILAN,490
KAZIMIERZ,486
OLIVIER,483
MIESZKO,476
RAFAŁ,458
TOBIASZ,458
LEONARD,455
DAMIAN,452
EMIL,445
STEFAN,431
ROBERT,422
TEODOR,412
KONSTANTY,408
PRZEMYSŁAW,406
RADOSŁAW,395
ALEX,372
ALEKS,369
KONRAD,364
RYSZARD,363
GUSTAW,358
NATANIEL,342
MAREK,320
LEO,319
JULIUSZ,288
JEREMI,287
ALEXANDER,286
FELIKS,279
GRACJAN,266
ARKADIUSZ,258
ANDRZEJ,249
ALBERT,247
REMIGIUSZ,244
IWO,234
FLORIAN,220
JACEK,218
DORIAN,216
KORDIAN,215
JĘDRZEJ,205
LUDWIK,199
MAKSYM,185
SEWERYN,163
BRAJAN,161
OLIVER,160
SAMUEL,159
HUGO,155
LUCJAN,150
DARIUSZ,147
NORBERT,138
WŁADYSŁAW,133
ERNEST,130
DAVID,122
ALEKSY,121
EDWARD,120
BENIAMIN,118
FRYDERYK,114
MAURYCY,113
ARON,107
OLGIERD,106
TYTUS,101
JEREMIASZ,98
MARK,98
CYPRIAN,97
ROMAN,96
ZBIGNIEW,94
SZCZEPAN,90
JOACHIM,89
MARCELI,89
OKTAWIAN,80
BRUNON,77
MAXIMILIAN,76
SYLWESTER,75
DENIS,74
MAKS,72
BOGDAN,71
MARIUSZ,71
KOSMA,70
LIAM,66
VINCENT,65
MAX,64
ZIEMOWIT,64
NICOLAS,63
OLIWER,63
EMILIAN,62
KEVIN,62
GNIEWOMIR,61
KSAWIER,60
WINCENTY,60
OSCAR,57
GNIEWKO,56
MIRON,54
JONASZ,53
NATHAN,53
NIKOLAS,52
VIKTOR,50
ZACHARY,50
LESZEK,50
KASPIAN,49
BENJAMIN,49
BERNARD,48
ROCH,46
KASJAN,45
VICTOR,44
MIROSŁAW,44
LEONARDO,44
OLEG,43
CZESŁAW,43
JONATAN,42
LEOPOLD,42
KORNELIUSZ,42
ARTEM,42
BOLESŁAW,41
MARTIN,41
MIECZYSŁAW,39
AARON,39
BOGUSŁAW,38
AMADEUSZ,38
SERGIUSZ,38
WINCENT,37
SŁAWOMIR,37
KRZESIMIR,37
ELIASZ,36
XAVIER,35
JAROSŁAW,35
FRANEK,35
MICHAEL,34
NATHANIEL,32
OLEK,32
TEO,31
EMANUEL,30
ZYGMUNT,28
BOGUMIŁ,28
NIKITA,27
ANATOL,27
WILLIAM,27
IVO,27
MAXYMILIAN,26
ANTONIO,26
COLIN,26
FELICJAN,25
ALEK,25
IRENEUSZ,25
KLEMENS,25
NOE,25
NOAH,24
IVAN,24
DANIIL,24
EDMUND,24
HENRY,24
KRYSPIN,24
ANTHONY,24
JANUSZ,24
MARIAN,24
ANTON,23
TIMUR,23
GNIEWOSZ,23
BENEDYKT,23
THEO,23
HEKTOR,23
KAI,23
GERARD,22
KASPER,22
BRAYAN,22
AUGUST,21
THOMAS,21
BRONISŁAW,21
FELIX,21
LOUIS,20
LUKAS,20
AUGUSTYN,20
WIT,20
BARTEK,20
ZACHARIASZ,20
DYLAN,19
LEV,19
OREST,19
ERWIN,19
ERIK,19
LUCAS,19
ARMIN,19
KEWIN,19
MAKSIM,18
ANDRII,18
MAXIM,18
NOEL,17
IWAN,17
SIMON,17
LEW,17
ANTEK,17
RAFAEL,17
SAMBOR,17
OLEKSANDR,17
DOMINIC,16
MATEO,16
LUIS,16
DMYTRO,15
MATVII,15
CYRYL,15
MAKAR,15
VLADYSLAV,15
PHILIP,15
WOJTEK,14
ARIEL,14
JACOB,14
DIEGO,14
KLAUDIUSZ,14
PATRICK,14
KARIM,14
LUKA,14
HIERONIM,14
JOEL,14
AMIR,13
NIKO,13
RADOMIR,13
SERAFIN,13
MATTEO,13
ARTHUR,13
HARRY,13
MARKUS,13
DANYLO,13
AXEL,13
EDGAR,13
ALEKSANDR,12
DAMIR,12
ITAN,12
KILIAN,12
MAKARY,12
KAJ,12
NAZAR,12
MARKO,12
BASTIAN,12
TYMOFII,12
XAWERY,12
WŁODZIMIERZ,12
RUBEN,11
FABIO,11
JAKOB,11
JAMES,11
DANIL,11
TOBIAS,11
JORDAN,11
EMILIO,11
WALDEMAR,11
ETHAN,11
THEODORE,11
WILHELM,10
FRANCESCO,10
DAJAN,10
DAVYD,10
ELIAS,10
TYBERIUSZ,10
BRIAN,10
MARCO,10
MILO,10
MANUEL,10
ZENON,9
LECH,9
PAUL,9
KIRIL,9
DOBROMIR,9
RYAN,9
ALFRED,9
ALEXANDRE,9
RAYAN,9
FRANK,9
DIONIZY,9
LUCA,9
JAROMIR,9
BAZYLI,8
ARSEN,8
ALI,8
ARIAN,8
TIMOTHY,8
ALLAN,8
STANISLAW,8
ILLIA,8
AMBROŻY,8
KONSTANTYN,8
BRYAN,8
NOLAN,8
BOHDAN,8
STANISLAV,8
LORENZO,8
MYKHAILO,8
CHRISTOPHER,8
JANEK,7
HERBERT,7
DENIZ,7
GERALT,7
MIKE,7
WIESŁAW,7
GILBERT,7
ERIC,7
KRISTIAN,7
GUSTAV,7
PASCAL,7
NICHOLAS,7
MIKHAIL,7
ROLAND,7
MARSEL,7
OLEH,7
KIRILL,7
JEGOR,7
LESŁAW,7
MUHAMMAD,7
TYCJAN,7
ALESSANDRO,7
BEN,7
IAN,7
JOSEF,7
FREDERICK,7
YAROSLAV,7
WAWRZYNIEC,7
ROBIN,7
EUGENIUSZ,7
CARLOS,7
JOSHUA,7
AURELIUSZ,6
JOHN,6
TEOFIL,6
CHRISTIAN,6
OMAR,6
PHILIPP,6
SIEMOWIT,6
TIMO,6
TIM,6
YUSUF,6
LOGAN,6
JUSTIN,6
JONATHAN,6
OSTAP,6
DANTE,6
RAGNAR,6
MAXIME,6
ARYAN,6
EDWIN,6
AKSEL,6
LEONID,6
NICO,5
HORACY,5
MARCUS,5
ILIAN,5
MASON,5
TRISTAN,5
BRAIAN,5
GORAN,5
ZAHAR,5
VALENTINO,5
MICHAL,5
GEORGE,5
IBRAHIM,5
LUCJUSZ,5
DENYS,5
SANTIAGO,5
MIGUEL,5
LUKE,5
LÉON,5
ANDREI,5
TIAGO,5
MINH,5
ROMUALD,5
JOSEPH,5
MATTHEW,5
ZAKHAR,5
THEODOR,5
ELIOT,5
ALEN,5
NIKOLAJ,5
LUBOMIR,5
BRANDON,5
PABLO,5
ANDRIY,5
ELLIOT,5
MATVIY,5
KALEB,5
ISMAEL,4
FRANCISCO,4
ANDREAS,4
MIROSLAV,4
NIKOLAI,4
HENRI,4
KOSTEK,4
CHARLIE,4
RICCARDO,4
IZAAK,4
BARNABA,4
ALOJZY,4
NATANAEL,4
CZAREK,4
AIDEN,4
NESTOR,4
JESSE,4
ORION,4
DEMIAN,4
OCTAVIAN,4
KLIMEK,4
LIONEL,4
XANDER,4
KYRYL,4
TYMOFIJ,4
TIMOFEY,4
SVIATOSLAV,4
LÉO,4
MYKOLA,4
NIKON,4
SERHII,4
JAMIE,4
MATVEY,4
ZACHAR,4
IVAR,4
EMMANUEL,4
BALTAZAR,4
ARAM,4
YOUSEF,4
VITALII,4
YAN,4
ARMAN,4
BOLEBOR,4
ZBYSZKO,4
EMIR,4
MATVEI,4
MIKOLAJ,4
BENON,4
THIAGO,4
MAXIMILLIAN,4
MIHAIL,4
TOMAS,4
HARVEY,4
SAMI,4
VLADISLAV,4
SYRIUSZ,4
MAIK,3
VITO,3
HARRISON,3
MARIO,3
ARCHIE,3
BORIS,3
XAWIER,3
NICK,3
GABRIELE,3
HUGON,3
NICOLAI,3
CASPER,3
RICHARD,3
GIANLUCA,3
DENNIS,3
AKIM,3
ARASH,3
THÉO,3
TOMEK,3
PAVLO,3
FILIPPO,3
DASTAN,3
ANGUS,3
JANUARY,3
CONOR,3
DAGMAR,3
ANDREW,3
YEHOR,3
IGNACIO,3
ANAS,3
IZAJASZ,3
NATHANAEL,3
JACK,3
AYAAN,3
ENES,3
DŻULIANO,3
ARAS,3
STANISLAS,3
LUCIANO,3
NICOLAE,3
ADEM,3
ALESSIO,3
JASON,3
MALIK,3
MICHAIL,3
IHOR,3
WITOSŁAW,3
GIORGI,3
NAREK,3
HERMAN,3
APOLLO,3
YURII,3
JAROSLAV,3
TOMIR,3
ZORIAN,3
ZDZISŁAW,3
VALENTIN,3
AYAN,3
SAMSON,3
ILAI,3
TRAIAN,3
IDRIS,3
MAXIMILIANO,3
ZACK,3
PRZEMEK,3
DYMITR,3
AMIN,3
LEONEL,3
YAKUP,3
MATHIAS,3
MATWIEJ,3
MARCOS,3
BOGUSZ,3
KIRIŁ,3
XSAVIER,3
PHILIPPE,3
KONSTANTINOS,3
SAM,3
WINICJUSZ,3
NICODEM,3
OLLIE,3
ANDRIJ,3
RAJAN,3
LUKASZ,3
FEDERICO,3
VOLODYMYR,3
MELCHIOR,3
ROSTISLAV,3
ANTONY,3
JONAS,3
GLEB,3
OZAN,3
HENRIK,3
EREN,3
ZAWISZA,3
KADIR,3
GERALD,3
OKTAWIUSZ,3
ILYA,3
TYMUR,3
JOZUE,2
NAM,2
NADIR,2
VIVAAN,2
YICHENG,2
TARAS,2
JAREMA,2
CEZAR,2
SYMEON,2
ACHIM,2
DANG KHOA,2
BJÖRN,2
SAMIR,2
ARDIAN,2
NICOLO',2
JEREMIAH,2
ARISH,2
YASIN,2
MATIN,2
BARNIM,2
TIMOFEI,2
STEPAN,2
JAKE,2
DRAGOMIR,2
MIKALAI,2
MILOSZ,2
PAWEL,2
ILJA,2
LUBOSZ,2
MARCELL,2
NORMAN,2
MALEK,2
ROGER,2
VALENTYN,2
FRANKLIN,2
FIODOR,2
KRISTOF,2
KSAVIER,2
RENAT,2
ENZO,2
GIA HUY,2
MAGNUS,2
ARMANI,2
MATE,2
NAZARIJ,2
CODY,2
JAMAL,2
ZHIYUAN,2
SEVERYN,2
EDUARD,2
ROSTYSLAV,2
WITEK,2
KONSTANTIN,2
SALVADOR,2
OKTAVIAN,2
CELESTYN,2
MATWIJ,2
HIPOLIT,2
ANGELO,2
RAYEN,2
RODRIGO,2
DOBROSŁAW,2
RADZIMIR,2
YEVHEN,2
ANTONIUSZ,2
WITOSZ,2
FURKAN,2
ERICK,2
EGOR,2
ZBYSŁAW,2
ANGEL,2
MUKHAMMAD,2
GUSTAVO,2
XAVERY,2
GASPAR,2
YANN,2
DUC ANH,2
ALEXANDRU,2
HASAN,2
MARCELLO,2
MIRAN,2
MERT,2
ELLIOTT,2
PIETRO,2
NAZARII,2
AYAZ,2
MAXIMUS,2
CRISTIANO,2
PHILLIP,2
KYLIAN,2
SEVERIN,2
CARSTEN,2
PHOENIX,2
MORITZ,2
JIM,2
SANTOS,2
ADHAM,2
CASSIAN,2
SEMILIANO,2
UMUT,2
JAYDEN,2
CRISTIAN,2
PLATON,2
LAUREN,2
ELIA,2
FINN,2
VLADIMIR,2
MUSTAFA,2
ANTONII,2
YAKUB,2
ZACHEUSZ,2
GAWEŁ,2
OTTO,2
VUK,2
MATAS,2
NICOLÒ,2
PARYS,2
METODY,2
MACIEK,2
YI,2
JĀNIS,2
IZYDOR,2
LÉONARD,2
TOLEK,2
AYDIN,2
DONATAN,2
HOANG MINH,2
DAWYD,2
LUDWIG,2
MIŁOSŁAW,2
JOSZKO,2
AIDAN,2
NIKOLA,2
YEGOR,2
TOMA,2
EZECHIEL,2
CHARLES,2
CHRISTOPH,2
SAID,2
ELIZEUSZ,2
MAXYM,2
ATLAS,2
ASIM,2
MIVAAN,2
PETER,2
MINH KHOI,2
EUZEBIUSZ,2
MYKHAIL,2
EVAN,2
ARJUN,2
GWIDON,2
RODION,2
NIKOS,2
MATVIJ,2
KYRYŁO,2
OSMAN,2
TIMOFEJ,2
DÁNIEL,2
MYRON,2
MORFEUSZ,2
EMILIANO,2
JURIJ,2
KARL,2
WENANTY,2
ELIGIUSZ,2
GEORGII,2
JOZEF,2
DANYIL,2
DMITRIJ,2
TYMEK,2
ABDULLAH,2
CHRISTOFER,2
SAJMON,2
DORJAN,2
ILLARION,2
CHRISTOS,2
DAVI,2
ILIA,2
FABIEN,2
BAO NAM,2
ANTOINE,2
VINCENZO,2
MARKIYAN,2
MUSA,2
ZAKARIA,2
AUGUSTIN,2
CARTER,2
KENAN,2
FERNANDO,2
FILON,2
DEMID,2
LAMBERT,2
DACJAN,2
MALO,2
MINH TRÍ,2
LILIAN,2
JEREMY,2
OKTAVIO,2
FRANCK,2
ION,2
KYRYLO,2
HAMZA,2
ARNOLD,2
PEDRO,2
ANAND,2
ELIJAH,2
JAVIER,2
MATTHIAS,2
KHALED,2
OLEKSANDER,2
STEVEN,2
RAPHAEL,2
LARS,2
VIAAN,2
ISLAM,2
